{
  "Inventory": {
    "Burger": 1,
    "Pizza": 1,
    "Sandwich": 1,
    "Hotdog": 1,
    "Taco": 1,
    "Fries": 1,
    "Water": 1,
    "Soda": 1,
    "Coffee": 1,
    "Milkshake": 1,
    "IcedTea": 1,
    "EnergyDrink": 1,
    "Medkit": 1,
    "Bandage": 1
  },
  "Hunger": 100.0,
  "Thirst": 100.0,
  "KeyBindings": {
    "Inventory": "I",
    "Store": "E"
  },
  "BarPosition": {
    "X": 0.18,
    "HungerY": 0.96,
    "ThirstY": 0.98
  },
  "Config": {
    "DefaultHungerDecrease": 0.3,
    "DefaultThirstDecrease": 0.5,
    "AfternoonHungerDecrease": 0.8,
    "AfternoonThirstDecrease": 1.3,
    "NightHungerDecrease": 0.3,
    "NightThirstDecrease": 0.3,
    "RunningHungerMultiplier": 0.6,
    "RunningThirstMultiplier": 1.0,
    "SwimmingHungerMultiplier": 0.0,
    "SwimmingThirstMultiplier": 1.2
  }
}