{
  "Inventory": {
    "Burger": 1,
    "Pizza": 1,
    "Sandwich": 1,
    "Hotdog": 1,
    "Taco": 1,
    "Fries": 1,
    "Water": 1,
    "Soda": 1,
    "Coffee": 1,
    "Milkshake": 1,
    "IcedTea": 1,
    "EnergyDrink": 1,
    "Medkit": 1,
    "Bandage": 1
  },
  "Hunger": 100.0,
  "Thirst": 100.0,
  "KeyBindings": {
    "Inventory": "I",
    "Store": "E"
  },
  "BarPosition": {
    "X": 0.18,
    "HungerY": 0.96,
    "ThirstY": 0.98
  },
  "Config": {
    "DefaultHungerDecrease": 0.6,
    "DefaultThirstDecrease": 1.0,
    "AfternoonHungerDecrease": 1.6,
    "AfternoonThirstDecrease": 2.6,
    "NightHungerDecrease": 0.6,
    "NightThirstDecrease": 0.6,
    "RunningHungerMultiplier": 1.2,
    "RunningThirstMultiplier": 2.0,
    "SwimmingHungerMultiplier": 2.0,
    "SwimmingThirstMultiplier": 2.4
  }
}