{
  "Inventory": {
    "Burger": 0,
    "Pizza": 0,
    "Sandwich": 0,
    "Water": 0,
    "Soda": 0,
    "Coffee": 0
  },
  "Hunger": 100.0,
  "Thirst": 100.0,
  "KeyBindings": {
    "Inventory": "I",
    "Store": "E"
  },
  "BarPosition": {
    "X": 0.18,
    "HungerY": 0.96,
    "ThirstY": 0.98
  },
  "Config": {
    "DefaultHungerDecrease": 0.8,
    "DefaultThirstDecrease": 1.5,
    "AfternoonHungerDecrease": 1.5,
    "AfternoonThirstDecrease": 2.5,
    "NightHungerDecrease": 0.8,
    "NightThirstDecrease": 0.8,
    "RunningHungerMultiplier": 2.0,
    "RunningThirstMultiplier": 3.5,
    "SwimmingHungerMultiplier": 1.5,
    "SwimmingThirstMultiplier": 4.5
  }
}